{"{\"hidden_size\": 8, \"learning_rate\": 0.005, \"num_epochs\": 10, \"num_layers\": 2}": [0.027966413646936417, 0.02336314506828785, 0.021533580496907234, 0.02128072828054428, 0.021838875487446785, 0.022572332993149757, 0.023063791915774345, 0.02318573370575905, 0.022997353225946426, 0.022624673321843147], "{\"hidden_size\": 8, \"learning_rate\": 0.005, \"num_epochs\": 10, \"num_layers\": 3}": [0.021228767931461334, 0.02156955376267433, 0.0215415358543396, 0.02132311277091503, 0.021212385967373848, 0.021270718425512314, 0.021366240456700325, 0.0213730838149786, 0.021301448345184326, 0.021229326725006104], "{\"hidden_size\": 8, \"learning_rate\": 0.005, \"num_epochs\": 10, \"num_layers\": 4}": [0.20175541937351227, 0.17513175308704376, 0.14997746050357819, 0.12605485320091248, 0.10332836210727692, 0.0819738358259201, 0.062425386160612106, 0.045424994081258774, 0.03207772597670555, 0.023822996765375137], "{\"hidden_size\": 8, \"learning_rate\": 0.005, \"num_epochs\": 50, \"num_layers\": 2}": [0.03533056750893593, 0.03119148127734661, 0.027721503749489784, 0.024953097105026245, 0.02292490005493164, 0.02167339064180851, 0.021212082356214523, 0.021491387858986855, 0.022251920774579048, 0.022922860458493233, 0.023255251348018646, 0.02324151061475277, 0.02297063171863556, 0.02255769819021225, 0.022112462669610977, 0.021720148622989655, 0.021433306857943535], "{\"hidden_size\": 8, \"learning_rate\": 0.005, \"num_epochs\": 50, \"num_layers\": 3}": [0.19337116181850433, 0.1653113216161728, 0.13984428346157074, 0.11672493815422058, 0.09569016844034195, 0.07652053236961365, 0.059229712933301926, 0.04437899962067604, 0.03289708122611046, 0.02537112683057785, 0.0218888521194458, 0.02217812091112137, 0.02528558112680912, 0.02928304299712181, 0.03226405009627342, 0.03340320289134979, 0.0328252911567688, 0.031091902405023575, 0.02883012220263481, 0.02654721960425377, 0.024572577327489853], "{\"hidden_size\": 8, \"learning_rate\": 0.005, \"num_epochs\": 50, \"num_layers\": 4}": [0.2395402044057846, 0.20648819208145142, 0.17616216838359833, 0.14786139130592346, 0.12114473432302475, 0.09602661430835724, 0.07288239896297455, 0.05245295912027359, 0.03593290597200394, 0.025049682706594467, 0.021844975650310516, 0.027071496471762657, 0.035865407437086105, 0.04113985225558281, 0.04120354354381561, 0.0377170592546463, 0.032867275178432465, 0.028273917734622955, 0.024787986651062965, 0.022643813863396645, 0.021700529381632805, 0.02165006473660469, 0.022153537720441818, 0.0229131318628788, 0.023700464516878128, 0.024360409006476402, 0.024803401902318, 0.02499341405928135, 0.024935230612754822, 0.024662848562002182, 0.024229174479842186, 0.0236972589045763], "{\"hidden_size\": 8, \"learning_rate\": 0.005, \"num_epochs\": 100, \"num_layers\": 2}": [0.022454190999269485, 0.02129080519080162, 0.02134566567838192, 0.021880457177758217, 0.022243427112698555, 0.02223992720246315, 0.021986590698361397, 0.02165796235203743, 0.02138502337038517, 0.021234970539808273, 0.021216336637735367, 0.021293139085173607, 0.0214059017598629, 0.021496828645467758, 0.021530672907829285, 0.021501746028661728, 0.021427549421787262, 0.021336132660508156, 0.021254098042845726, 0.021198520436882973, 0.02117377333343029, 0.02117333561182022, 0.021186942234635353, 0.021214449778199196, 0.021250223740935326, 0.021224400028586388, 0.02116195671260357, 0.021107569336891174, 0.021079877391457558, 0.0210727471858263, 0.021073557436466217, 0.02107078768312931, 0.021059902384877205, 0.021051514893770218, 0.021060172468423843, 0.021066851913928986, 0.02104819379746914, 0.02100374363362789, 0.020938239991664886, 0.020835304632782936, 0.020701313391327858, 0.02076929807662964, 0.020512495189905167, 0.02040393278002739, 0.020365199074149132, 0.020027998834848404, 0.01971224881708622, 0.019290266558527946, 0.018384793773293495, 0.017199357971549034, 0.016324207186698914, 0.014076692052185535, 0.01062696985900402, 0.008495294488966465, 0.009369062259793282, 0.01089745294302702, 0.0036862636916339397, 0.010078726336359978, 0.0033773831091821194, 0.00850918609648943, 0.001539735123515129, 0.009758892469108105, 0.0019695530645549297, 0.0095372274518013, 0.003111193422228098, 0.004087277688086033, 0.006244642194360495, 0.0015423764707520604, 0.004636452533304691, 0.004022653680294752, 0.001374888583086431, 0.003541112644597888, 0.0031148153357207775, 0.0013587557477876544, 0.00277273403480649, 0.0028766337782144547, 0.0013092797016724944, 0.0018707747804000974, 0.002335473895072937, 0.0010469509288668633, 0.0015253641176968813, 0.0018943112809211016, 0.0009672826272435486, 0.0011348818661645055, 0.0014854696346446872, 0.0007312679081223905, 0.0011087496532127261, 0.0011720530455932021, 0.0006260014488361776, 0.0009751378674991429, 0.000807880365755409, 0.0005566406180150807, 0.0008587531629018486, 0.0005472602206282318, 0.000520645990036428, 0.0006506635108962655, 0.00037332132342271507, 0.0005586938932538033, 0.0004627442394848913, 0.0003620159695856273], "{\"hidden_size\": 8, \"learning_rate\": 0.005, \"num_epochs\": 100, \"num_layers\": 3}": [0.02138340286910534, 0.021468298509716988, 0.021261340007185936, 0.021237602457404137, 0.021341273561120033, 0.021344788372516632, 0.021258287131786346, 0.021198982372879982, 0.021206535398960114, 0.021222125738859177, 0.021199440583586693, 0.021176904439926147, 0.021195875480771065, 0.021235600113868713, 0.0212438702583313, 0.02120283618569374, 0.021136701107025146, 0.02108072303235531, 0.021059617400169373, 0.0210878886282444, 0.021174848079681396, 0.021235065534710884, 0.02117372304201126, 0.02102518267929554, 0.020950285717844963, 0.02110470086336136, 0.021399101242423058, 0.021302610635757446, 0.02100246585905552, 0.02160155028104782, 0.02221844717860222, 0.02130451798439026, 0.021929556503891945, 0.022110268473625183, 0.018725162371993065, 0.02681265026330948, 0.023404711857438087, 0.016798697412014008, 0.0232118871062994, 0.02884846180677414, 0.022077370434999466, 0.015346298925578594, 0.016852255910634995, 0.02399505488574505, 0.02313416637480259, 0.015294378623366356, 0.013625255785882473, 0.01889152266085148, 0.0238290186971426, 0.015123111195862293, 0.012894639745354652, 0.018553199246525764, 0.020177964121103287, 0.011623839847743511, 0.01047295331954956, 0.013899825513362885, 0.012580462731420994, 0.008012333884835243, 0.007332201581448317, 0.008914920501410961, 0.009442408569157124, 0.006223576609045267, 0.005737554747611284, 0.006941025145351887, 0.007204734720289707, 0.004664041101932526, 0.00421625142917037, 0.005082916468381882, 0.004460664466023445, 0.003222906030714512, 0.0030041749123483896, 0.003910463768988848, 0.002806637668982148, 0.002436392242088914, 0.0026121109258383512, 0.002690874505788088, 0.001960198627784848, 0.0018456866964697838, 0.0022836774587631226, 0.0016145182307809591, 0.0015105436323210597, 0.001915189903229475, 0.0013835590798407793, 0.001293758861720562, 0.0016055857995525002, 0.0012829664628952742, 0.0011816348414868116, 0.001288127969019115, 0.0012104312190786004, 0.001158597762696445, 0.0010557601926848292, 0.0010741903679445386, 0.0011460110545158386, 0.000950853805989027, 0.0009192354045808315, 0.0010169896995648742, 0.0009744756389409304, 0.0009476534323766828, 0.0008596766274422407, 0.0008618850260972977],