{"{\"hidden_size\": 8, \"learning_rate\": 0.005, \"num_epochs\": 10, \"num_layers\": 2}": [0.27562347054481506, 0.23378701508045197, 0.1940935105085373, 0.15724584460258484, 0.12437435239553452, 0.09647180140018463, 0.07346870750188828, 0.05430193617939949, 0.03815341740846634, 0.024897243827581406], "{\"hidden_size\": 8, \"learning_rate\": 0.005, \"num_epochs\": 10, \"num_layers\": 3}": [0.15767526626586914, 0.1342696249485016, 0.11225371062755585, 0.09143603593111038, 0.07189382612705231, 0.05366097390651703, 0.03724711015820503, 0.023366441950201988, 0.01288453210145235, 0.0066911764442920685], "{\"hidden_size\": 8, \"learning_rate\": 0.005, \"num_epochs\": 10, \"num_layers\": 4}": [0.06540113687515259, 0.04924900084733963, 0.03534945845603943, 0.02382115088403225, 0.014830178581178188, 0.008598527871072292, 0.005409084260463715, 0.005487148184329271, 0.007964215241372585, 0.010753298178315163], "{\"hidden_size\": 8, \"learning_rate\": 0.005, \"num_epochs\": 50, \"num_layers\": 2}": [0.21159319579601288, 0.188385471701622, 0.16572411358356476, 0.14481864869594574, 0.1259813755750656, 0.1088947057723999, 0.0931333526968956, 0.07840148359537125, 0.06455904245376587, 0.0515933558344841, 0.0395955853164196, 0.028753401711583138, 0.019359378144145012, 0.01183992251753807, 0.006827212870121002, 0.005319069139659405, 0.008272157981991768, 0.012124573811888695, 0.014485838823020458, 0.015198218636214733, 0.014736753888428211, 0.013571877032518387, 0.012025527656078339, 0.010339124128222466, 0.00871949177235365, 0.0073318867944180965], "{\"hidden_size\": 8, \"learning_rate\": 0.005, \"num_epochs\": 50, \"num_layers\": 3}": [0.31146737933158875, 0.28005456924438477, 0.25039592385292053, 0.2222382128238678, 0.195280984044075, 0.1692352443933487, 0.14389568567276, 0.11920147389173508, 0.09527773410081863, 0.0724656954407692, 0.05135313421487808, 0.03281822428107262, 0.0180765762925148, 0.008633764460682869, 0.005886830389499664, 0.009875321760773659, 0.01746322587132454, 0.02395840547978878, 0.026950577273964882, 0.026379670947790146, 0.0232652947306633, 0.018890883773565292, 0.014391649514436722, 0.01056260708719492, 0.007809987757354975], "{\"hidden_size\": 8, \"learning_rate\": 0.005, \"num_epochs\": 50, \"num_layers\": 4}": [0.008507995866239071, 0.006213638000190258, 0.005111188627779484, 0.0051081422716379166, 0.0057672495022416115, 0.006314054597169161, 0.006385217886418104, 0.0060874163173139095, 0.00565497949719429, 0.005274664610624313, 0.005044935736805201, 0.004984794184565544, 0.00505442451685667, 0.005181434098631144, 0.005295563023537397, 0.005355358589440584, 0.005350612569600344, 0.0052932677790522575, 0.005206433590501547, 0.005115284118801355, 0.005040646530687809, 0.00499514676630497], "{\"hidden_size\": 8, \"learning_rate\": 0.005, \"num_epochs\": 100, \"num_layers\": 2}": [0.00858008861541748, 0.005236580036580563, 0.00536359753459692, 0.0067999050952494144, 0.007335426285862923, 0.006914988625794649, 0.006115437019616365, 0.005408463068306446, 0.0050268168561160564, 0.004991361405700445, 0.00517728878185153, 0.005395535845309496, 0.005511449184268713, 0.005499959457665682, 0.0053989035077393055, 0.005257137585431337, 0.005120469257235527, 0.005021774675697088, 0.004975025542080402, 0.004976480733603239, 0.0050101806409657, 0.005055150482803583, 0.005092318635433912, 0.0051094600930809975, 0.005103163421154022, 0.005077841691672802, 0.005042721517384052, 0.005008149426430464, 0.004982424434274435], "{\"hidden_size\": 8, \"learning_rate\": 0.005, \"num_epochs\": 100, \"num_layers\": 3}": [0.017358005046844482, 0.011550350114703178, 0.007528919260948896, 0.00542802270501852, 0.005146256648004055, 0.006096614524722099, 0.0071052308194339275, 0.007525405380874872, 0.007364724762737751, 0.006857919041067362, 0.0062446389347314835, 0.0056947944685816765, 0.005299010314047337, 0.005082833580672741, 0.005027031991630793, 0.005087289027869701, 0.0052107712253928185, 0.00534837506711483, 0.005462322384119034, 0.005529461428523064, 0.005541220773011446, 0.005501306615769863, 0.00542221637442708, 0.005321322940289974, 0.005217134021222591], "{\"hidden_size\": 8, \"learning_rate\": 0.005, \"num_epochs\": 100, \"num_layers\": 4}": [0.27230149507522583, 0.24743500351905823, 0.22250771522521973, 0.19713391363620758, 0.17131461203098297, 0.14525826275348663, 0.11931346356868744, 0.09399024397134781, 0.0700131207704544, 0.048308100551366806, 0.029957909137010574, 0.016137033700942993, 0.0078854626044631, 0.005772051867097616, 0.009222748689353466, 0.01514987088739872, 0.019601505249738693, 0.020987065508961678, 0.019645443186163902, 0.016658980399370193, 0.01315924059599638, 0.009990396909415722, 0.007607629988342524, 0.006132890470325947], "{\"hidden_size\": 8, \"learning_rate\": 0.01, \"num_epochs\": 10, \"num_layers\": 2}": [0.1836155354976654, 0.11973554641008377, 0.07460372895002365, 0.04340524598956108, 0.023005012422800064, 0.011163104325532913, 0.006029698997735977, 0.005888030864298344, 0.008892224170267582, 0.013072749599814415], "{\"hidden_size\": 8, \"learning_rate\": 0.01, \"num_epochs\": 10, \"num_layers\": 3}": [0.10085136443376541, 0.05253973975777626, 0.01721012406051159, 0.00622451351955533, 0.024759888648986816, 0.031116358935832977, 0.023572811856865883, 0.013796987943351269, 0.007470152340829372, 0.005399647168815136], "{\"hidden_size\": 8, \"learning_rate\": 0.01, \"num_epochs\": 10, \"num_layers\": 4}": [0.007273572031408548, 0.0058732652105391026, 0.009330990724265575, 0.009069270454347134, 0.007259123958647251, 0.005762266460806131, 0.0050668418407440186, 0.005039863288402557, 0.005356938578188419, 0.0056987847201526165], "{\"hidden_size\": 8, \"learning_rate\": 0.01, \"num_epochs\": 50, \"num_layers\": 2}": [0.1491170972585678, 0.0895746573805809, 0.04472643882036209, 0.015872251242399216, 0.005454804748296738, 0.01561516709625721, 0.025973428040742874, 0.029629584401845932, 0.028277292847633362, 0.024029748514294624, 0.018541105091571808, 0.01323608122766018, 0.00908274669200182, 0.006484040524810553, 0.005381392780691385, 0.005441694986075163, 0.006230199709534645, 0.007329848129302263, 0.008405842818319798, 0.009229670278728008, 0.009678130969405174, 0.009718988090753555, 0.009390750899910927, 0.008780630305409431, 0.008002959191799164], "{\"hidden_size\": 8, \"learning_rate\": 0.01, \"num_epochs\": 50, \"num_layers\": 3}": [0.360141783952713, 0.3016932010650635, 0.24343068897724152, 0.18517351150512695, 0.12880630791187286, 0.077659472823143, 0.03644027188420296, 0.011055529117584229, 0.006965715903788805, 0.022409122437238693, 0.040933918207883835, 0.04950397089123726, 0.04712214320898056, 0.03789187967777252, 0.026466935873031616, 0.016336293891072273, 0.009366228245198727, 0.0059723276644945145, 0.005589241627603769, 0.007189011666923761, 0.009687398560345173, 0.012188968248665333, 0.01409171987324953, 0.015091059729456902, 0.015127355232834816, 0.014315658248960972, 0.012879823334515095, 0.011097023263573647, 0.009252435527741909], "{\"hidden_size\": 8, \"learning_rate\": 0.01, \"num_epochs\": 50, \"num_layers\": 4}": [0.0832233875989914, 0.04057527706027031, 0.012541496194899082, 0.005913694854825735, 0.015653321519494057, 0.0206456258893013, 0.017539547756314278, 0.011620388366281986, 0.006975955329835415, 0.005230602342635393, 0.006072797812521458, 0.007982376031577587, 0.009358560666441917, 0.009592456743121147, 0.008877161890268326, 0.007696895394474268, 0.006508686579763889, 0.005627219565212727, 0.005194357130676508, 0.005190392956137657, 0.005477026104927063, 0.005860676523298025, 0.0061620501801371574, 0.006271167192608118, 0.006169410888105631, 0.0059151481837034225, 0.0056058974005281925, 0.005336703732609749, 0.005170220509171486, 0.005125080235302448, 0.00518081896007061, 0.005292953923344612, 0.0054109892807900906, 0.005493580363690853, 0.0055177100002765656, 0.005481158383190632, 0.005399258807301521, 0.005297798663377762, 0.005204364191740751, 0.005140338093042374],