{"{\"hidden_size\": 8, \"learning_rate\": 0.005, \"num_epochs\": 10, \"num_layers\": 2}": [0.015016915276646614, 0.012652415782213211, 0.012018549256026745, 0.01264229603111744, 0.013274171389639378, 0.01340926717966795, 0.013165688142180443, 0.012768319807946682, 0.012384885922074318, 0.012110935524106026], "{\"hidden_size\": 8, \"learning_rate\": 0.005, \"num_epochs\": 10, \"num_layers\": 3}": [0.39074599742889404, 0.3632153570652008, 0.3374975323677063, 0.3132278025150299, 0.28995636105537415, 0.2672583758831024, 0.2448059767484665, 0.22235141694545746, 0.19969674944877625, 0.176699697971344], "{\"hidden_size\": 8, \"learning_rate\": 0.005, \"num_epochs\": 10, \"num_layers\": 4}": [0.012019178830087185, 0.012511158362030983, 0.012812875211238861, 0.012444434687495232, 0.012068815529346466, 0.012005665339529514, 0.012172301299870014, 0.012322334572672844, 0.012316283769905567, 0.012187965214252472], "{\"hidden_size\": 8, \"learning_rate\": 0.005, \"num_epochs\": 50, \"num_layers\": 2}": [0.1591693013906479, 0.12782326340675354, 0.0961833968758583, 0.0640452429652214, 0.036644794046878815, 0.02180931158363819, 0.015048730187118053, 0.01236651185899973, 0.013251975178718567, 0.016315259039402008, 0.01951834373176098, 0.02150821126997471, 0.021910706534981728, 0.020941099151968956, 0.019070876762270927, 0.016859153285622597, 0.014837624505162239, 0.013358055613934994], "{\"hidden_size\": 8, \"learning_rate\": 0.005, \"num_epochs\": 50, \"num_layers\": 3}": [0.1368640959262848, 0.11009393632411957, 0.08333391696214676, 0.05856609717011452, 0.03771400451660156, 0.022168902680277824, 0.013660336844623089, 0.01321893185377121, 0.019103460013866425, 0.02579561062157154, 0.02921561524271965, 0.02891150861978531, 0.026079503819346428, 0.022166453301906586, 0.01832679845392704, 0.015272753313183784, 0.013299566693603992, 0.012400437146425247, 0.012415223754942417, 0.013051536865532398, 0.0138941565528512, 0.014638908207416534, 0.015138446353375912, 0.015348181128501892, 0.015290860086679459, 0.015027347952127457, 0.014627144671976566, 0.01415061205625534], "{\"hidden_size\": 8, \"learning_rate\": 0.005, \"num_epochs\": 50, \"num_layers\": 4}": [0.02266150526702404, 0.015414508990943432, 0.012359914369881153, 0.01305019948631525, 0.015171187929809093, 0.016194570809602737, 0.015777505934238434, 0.01461726613342762, 0.013402692973613739, 0.012534313835203648, 0.012134947814047337, 0.012140139006078243, 0.012395343743264675, 0.012732584029436111, 0.013018056750297546, 0.013172424398362637, 0.01317114569246769, 0.013033275492489338, 0.012805711477994919, 0.012547132559120655, 0.012313789688050747], "{\"hidden_size\": 8, \"learning_rate\": 0.005, \"num_epochs\": 100, \"num_layers\": 2}": [0.022482603788375854, 0.017470061779022217, 0.014170581474900246, 0.012425252236425877, 0.011976728215813637, 0.012465493753552437, 0.01334702130407095, 0.01413264125585556, 0.014471526257693768, 0.014242449775338173, 0.013677251525223255, 0.01309636514633894, 0.012623485177755356, 0.012283123098313808, 0.012075582519173622], "{\"hidden_size\": 8, \"learning_rate\": 0.005, \"num_epochs\": 100, \"num_layers\": 3}": [0.2610868513584137, 0.2167685478925705, 0.17590482532978058, 0.1393977552652359, 0.10767894983291626, 0.08061207830905914, 0.05795083940029144, 0.039666514843702316, 0.02593071199953556, 0.016966722905635834, 0.012893648818135262, 0.013478369452059269, 0.017550460994243622, 0.02265942096710205, 0.026419086381793022, 0.027776414528489113, 0.02688048966228962, 0.0244638342410326, 0.021365132182836533, 0.018283067271113396, 0.015688445419073105], "{\"hidden_size\": 8, \"learning_rate\": 0.005, \"num_epochs\": 100, \"num_layers\": 4}": [0.09090539813041687, 0.07160304486751556, 0.055262450128793716, 0.04166693612933159, 0.030694186687469482, 0.022271813824772835, 0.016372764483094215, 0.012990174815058708, 0.012041475623846054, 0.013146856799721718, 0.015348079614341259, 0.017405256628990173, 0.018569033592939377, 0.018712926656007767, 0.018060868605971336, 0.01694597490131855, 0.015676744282245636, 0.014479326084256172, 0.01348747219890356], "{\"hidden_size\": 8, \"learning_rate\": 0.01, \"num_epochs\": 10, \"num_layers\": 2}": [0.013523097150027752, 0.011993144638836384, 0.012449043802917004, 0.012682639993727207, 0.012349309399724007, 0.01204458437860012, 0.011957983486354351, 0.012050685472786427, 0.012172767892479897, 0.012201204895973206], "{\"hidden_size\": 8, \"learning_rate\": 0.01, \"num_epochs\": 10, \"num_layers\": 3}": [0.01915004849433899, 0.012344343587756157, 0.01480505894869566, 0.01743466593325138, 0.015320118516683578, 0.012826749123632908, 0.012068768963217735, 0.012292610481381416, 0.012678424827754498, 0.012703006155788898], "{\"hidden_size\": 8, \"learning_rate\": 0.01, \"num_epochs\": 10, \"num_layers\": 4}": [0.0191041212528944, 0.012382371351122856, 0.014290855266153812, 0.016401495784521103, 0.015102118253707886, 0.01327083446085453, 0.012224070727825165, 0.011996462009847164, 0.012232457287609577, 0.012589925900101662], "{\"hidden_size\": 8, \"learning_rate\": 0.01, \"num_epochs\": 50, \"num_layers\": 2}": [0.01327871810644865, 0.012534893117845058, 0.011969395913183689, 0.012421201914548874, 0.012553129345178604, 0.012185881845653057, 0.01196482963860035, 0.012110663577914238, 0.012288588099181652, 0.012225485406816006, 0.012039625085890293, 0.011964899487793446, 0.012049621902406216, 0.012141634710133076, 0.0121145686134696, 0.012012801133096218, 0.011957073584198952, 0.011986412107944489, 0.012026572600007057, 0.01197171863168478, 0.011733070015907288, 0.012190270237624645, 0.012847202830016613, 0.013042188249528408, 0.01266765221953392, 0.012081661261618137, 0.011871794238686562, 0.0121341897174716, 0.012631630524992943, 0.012898458167910576, 0.012728385627269745], "{\"hidden_size\": 8, \"learning_rate\": 0.01, \"num_epochs\": 50, \"num_layers\": 3}": [0.23351556062698364, 0.1869698315858841, 0.1450820416212082, 0.10477730631828308, 0.06728605926036835, 0.03575421869754791, 0.016101479530334473, 0.013894526287913322, 0.02638237364590168, 0.037639070302248, 0.039770424365997314, 0.03495108708739281, 0.02734241634607315, 0.020169323310256004, 0.015151608735322952, 0.012700946070253849, 0.012390515767037868, 0.013438665308058262, 0.015058348886668682, 0.016637194901704788, 0.01778837852180004, 0.01833106391131878, 0.01824473775923252, 0.017620936036109924, 0.016620563343167305, 0.015437574125826359, 0.014267445541918278], "{\"hidden_size\": 8, \"learning_rate\": 0.01, \"num_epochs\": 50, \"num_layers\": 4}": [0.020188508555293083, 0.012246149592101574, 0.014415936544537544, 0.017392022535204887, 0.017212431877851486, 0.015571110881865025, 0.013895764946937561, 0.012732994742691517, 0.012136946432292461, 0.01197727769613266, 0.012084368616342545, 0.012306133285164833, 0.012528540566563606, 0.012680982239544392, 0.012733369134366512, 0.012688028626143932, 0.012568887323141098, 0.012410412542521954, 0.012247978709638119, 0.012110717594623566],