{"{\"hidden_size\": 8, \"learning_rate\": 0.005, \"num_epochs\": 10, \"num_layers\": 2}": [0.1120307594537735, 0.08280935883522034, 0.05693097785115242, 0.035288501530885696, 0.01878543384373188, 0.008126369677484035, 0.003563900012522936, 0.004547581076622009, 0.009088150225579739, 0.014180402271449566], "{\"hidden_size\": 8, \"learning_rate\": 0.005, \"num_epochs\": 10, \"num_layers\": 3}": [0.4178069531917572, 0.3798108696937561, 0.34392547607421875, 0.3101670444011688, 0.2781325578689575, 0.24742579460144043, 0.21775180101394653, 0.18884597718715668, 0.16042812168598175, 0.13262896239757538], "{\"hidden_size\": 8, \"learning_rate\": 0.005, \"num_epochs\": 10, \"num_layers\": 4}": [0.024680957198143005, 0.016859982162714005, 0.011040085926651955, 0.006936824414879084, 0.004298870451748371, 0.0029011934529989958, 0.002525857649743557, 0.0029177111573517323, 0.0037162979133427143, 0.004519352689385414], "{\"hidden_size\": 8, \"learning_rate\": 0.005, \"num_epochs\": 50, \"num_layers\": 2}": [0.3043743669986725, 0.24986723065376282, 0.20110362768173218, 0.15524563193321228, 0.11301644146442413, 0.07688606530427933, 0.04749679937958717, 0.02523447945713997, 0.010730130597949028, 0.004233387298882008, 0.005003832280635834, 0.01088064443320036, 0.018590088933706284, 0.0250853281468153, 0.02868354134261608, 0.029075050726532936, 0.026799200102686882, 0.02276313118636608, 0.01793018728494644, 0.013140172697603703], "{\"hidden_size\": 8, \"learning_rate\": 0.005, \"num_epochs\": 50, \"num_layers\": 3}": [0.0059682754799723625, 0.0029427388217300177, 0.0029213016387075186, 0.004421170800924301, 0.004740654490888119, 0.004070488270372152, 0.0032385014928877354, 0.002699929755181074, 0.002540075685828924, 0.0026495340280234814, 0.0028685869183391333, 0.0030666880775243044, 0.0031702208798378706, 0.0031600494403392076, 0.003056127345189452, 0.0028996989130973816, 0.002737676026299596, 0.0026103425770998, 0.0025425460189580917], "{\"hidden_size\": 8, \"learning_rate\": 0.005, \"num_epochs\": 50, \"num_layers\": 4}": [0.038924168795347214, 0.021757295355200768, 0.009524964727461338, 0.003323080949485302, 0.003962600603699684, 0.008623919449746609, 0.011236323043704033, 0.010534443892538548, 0.008074470795691013, 0.00546311168000102, 0.0036056500393897295, 0.0027575979474931955, 0.0027623341884464025, 0.0032650174107402563, 0.003882343415170908, 0.004337843507528305, 0.0045142220333218575, 0.004421181511133909, 0.0041364636272192, 0.0037572423461824656, 0.0033709050621837378, 0.0030415505170822144], "{\"hidden_size\": 8, \"learning_rate\": 0.005, \"num_epochs\": 100, \"num_layers\": 2}": [0.01557632815092802, 0.010200859047472477, 0.006406289525330067, 0.004031643737107515, 0.002831933554261923, 0.002555516315624118, 0.002931381342932582, 0.0036263796500861645, 0.004299732390791178, 0.004718059673905373, 0.004806355107575655, 0.004609016701579094, 0.004226337186992168, 0.003767395159229636, 0.003323966171592474, 0.002959437435492873], "{\"hidden_size\": 8, \"learning_rate\": 0.005, \"num_epochs\": 100, \"num_layers\": 3}": [0.12651248276233673, 0.10363422334194183, 0.08460049331188202, 0.068215511739254, 0.05361585319042206, 0.04034332185983658, 0.028394004330039024, 0.018303243443369865, 0.010177073068916798, 0.004788537975400686, 0.002689035376533866, 0.003762660315260291, 0.006848963908851147, 0.009823320433497429, 0.01130305603146553, 0.01116153970360756, 0.00989562552422285, 0.008114397525787354, 0.0063081169500947, 0.004781761672347784, 0.003669475205242634], "{\"hidden_size\": 8, \"learning_rate\": 0.005, \"num_epochs\": 100, \"num_layers\": 4}": [0.21648624539375305, 0.17981307208538055, 0.14637573063373566, 0.11562679708003998, 0.08729073405265808, 0.06158801168203354, 0.03917752578854561, 0.02109748311340809, 0.008720315992832184, 0.0034958499018102884, 0.005998767446726561, 0.013824982568621635, 0.021453967317938805, 0.02505130134522915, 0.02427718974649906, 0.0205706674605608, 0.015670526772737503, 0.010943721979856491, 0.0071945954114198685, 0.004718450363725424], "{\"hidden_size\": 8, \"learning_rate\": 0.01, \"num_epochs\": 10, \"num_layers\": 2}": [0.0053420290350914, 0.0025199323426932096, 0.0038023577071726322, 0.005545984022319317, 0.006000671535730362, 0.005370449740439653, 0.004312194883823395, 0.003339750925078988, 0.002722490578889847, 0.002518851077184081], "{\"hidden_size\": 8, \"learning_rate\": 0.01, \"num_epochs\": 10, \"num_layers\": 3}": [0.051536284387111664, 0.030748240649700165, 0.014642448164522648, 0.004659946542233229, 0.0032764850184321404, 0.00908111035823822, 0.0124012166634202, 0.011248579248785973, 0.008136436343193054, 0.005221740808337927], "{\"hidden_size\": 8, \"learning_rate\": 0.01, \"num_epochs\": 10, \"num_layers\": 4}": [0.011995021253824234, 0.002658740384504199, 0.0076376511715352535, 0.011450706049799919, 0.009017952717840672, 0.005196297075599432, 0.002939010737463832, 0.0026546905282884836, 0.0035086744464933872, 0.004509286023676395], "{\"hidden_size\": 8, \"learning_rate\": 0.01, \"num_epochs\": 50, \"num_layers\": 2}": [0.190185084939003, 0.1424540877342224, 0.09891121834516525, 0.06146460771560669, 0.0314498208463192, 0.011112350970506668, 0.002890340518206358, 0.007762374822050333, 0.018639517948031425, 0.025298645719885826, 0.025456411764025688, 0.021240023896098137, 0.015409652143716812, 0.009976783767342567, 0.005966961849480867, 0.0036237104795873165, 0.0027253353036940098, 0.002856600796803832, 0.0035836901515722275, 0.004541642498224974, 0.005463671870529652, 0.006179609801620245, 0.006601352244615555, 0.006705011706799269, 0.00651390990242362, 0.006083705462515354, 0.0054896557703614235], "{\"hidden_size\": 8, \"learning_rate\": 0.01, \"num_epochs\": 50, \"num_layers\": 3}": [0.12362004071474075, 0.09265949577093124, 0.06824743002653122, 0.0516810342669487, 0.03774276375770569, 0.026895087212324142, 0.018640894442796707, 0.012253529392182827, 0.0074452064000070095, 0.004215840715914965, 0.0026844642125070095, 0.002890876028686762, 0.004394283518195152, 0.006048778537660837, 0.0069260504096746445, 0.006861441303044558, 0.006131405010819435, 0.005113514605909586, 0.00411669397726655, 0.0033271319698542356, 0.0028160226065665483], "{\"hidden_size\": 8, \"learning_rate\": 0.01, \"num_epochs\": 50, \"num_layers\": 4}": [0.2185678333044052, 0.1801084578037262, 0.14664384722709656, 0.11589386314153671, 0.08678659051656723, 0.059026554226875305, 0.03399885445833206, 0.01429008413106203, 0.003657796187326312, 0.006066878326237202, 0.016810506582260132, 0.022798463702201843, 0.021804338321089745, 0.01699039712548256, 0.011476785875856876, 0.007031735498458147, 0.004222915042191744, 0.0029218134004622698, 0.0027223234064877033, 0.0031798023264855146, 0.003917466849088669, 0.004659995436668396, 0.005233095493167639, 0.005549159366637468, 0.00558837316930294, 0.005379730835556984, 0.0049836295656859875, 0.004476706497371197, 0.003938802517950535], "{\"hidden_size\": 8, \"learning_rate\": 0.01, \"num_epochs\": 100, \"num_layers\": 2}": [0.061470966786146164, 0.02800137735903263, 0.008600066415965557, 0.0029079937376081944, 0.007492109667509794, 0.01460128091275692, 0.017945844680070877, 0.01693180948495865, 0.013396305963397026, 0.009254955686628819, 0.005796494893729687, 0.003619416384026408, 0.0027786861173808575, 0.0029895645566284657, 0.003821584163233638, 0.0048472583293914795, 0.005732100922614336, 0.006270681042224169, 0.00638458039611578, 0.006099344696849585, 0.00551295280456543, 0.004763345699757338, 0.003998058848083019],