{"{\"hidden_size\": 8, \"learning_rate\": 0.005, \"num_epochs\": 10, \"num_layers\": 2}": [0.030124247074127197, 0.024303628131747246, 0.019040292128920555, 0.014300605282187462, 0.010082929395139217, 0.006455277558416128, 0.003576889168471098, 0.0016466479282826185, 0.0007839929312467575, 0.0009532846161164343], "{\"hidden_size\": 8, \"learning_rate\": 0.005, \"num_epochs\": 10, \"num_layers\": 3}": [0.19729407131671906, 0.17611123621463776, 0.15707573294639587, 0.139653742313385, 0.12354115396738052, 0.10860380530357361, 0.0946551263332367, 0.08158371597528458, 0.06933511048555374, 0.057868365198373795], "{\"hidden_size\": 8, \"learning_rate\": 0.005, \"num_epochs\": 10, \"num_layers\": 4}": [0.0013681635027751327, 0.0015280707739293575, 0.0027842398267239332, 0.0024160186294466257, 0.0014713698765262961, 0.0009440866415388882, 0.001047703786753118, 0.001445943838916719, 0.0017086693551391363, 0.0016582895768806338], "{\"hidden_size\": 8, \"learning_rate\": 0.005, \"num_epochs\": 50, \"num_layers\": 2}": [0.024462025612592697, 0.014674894511699677, 0.007500790059566498, 0.0028914092108607292, 0.0008755566668696702, 0.0014043055707588792, 0.0033240197226405144, 0.0048335460014641285, 0.005393026862293482, 0.005137316882610321, 0.00438280962407589, 0.003422144567593932, 0.0024764593690633774, 0.0016921713249757886, 0.0011447285069152713], "{\"hidden_size\": 8, \"learning_rate\": 0.005, \"num_epochs\": 50, \"num_layers\": 3}": [0.18155471980571747, 0.14614611864089966, 0.11274024844169617, 0.08198685944080353, 0.05496218428015709, 0.03288842737674713, 0.01662839576601982, 0.006384581793099642, 0.0018137141596525908, 0.0021123550832271576, 0.0057738302275538445, 0.010565786622464657, 0.014572500251233578, 0.016810495406389236, 0.017141154035925865, 0.015915675088763237, 0.013672183267772198, 0.01095129456371069, 0.008202774450182915], "{\"hidden_size\": 8, \"learning_rate\": 0.005, \"num_epochs\": 50, \"num_layers\": 4}": [0.42422473430633545, 0.3797891438007355, 0.33506491780281067, 0.2899514436721802, 0.24431537091732025, 0.19828295707702637, 0.1529761701822281, 0.10993217676877975, 0.07118535041809082, 0.03913077712059021, 0.01611095666885376, 0.0040467106737196445, 0.003973426762968302, 0.013779815286397934, 0.02561400830745697, 0.03264845162630081, 0.03341471403837204, 0.029491927474737167, 0.023193059489130974, 0.01648002117872238, 0.010629057884216309, 0.006259074900299311, 0.003500556806102395, 0.002182535594329238, 0.001983098918572068, 0.0025286669842898846, 0.003458369290456176, 0.004477269481867552, 0.005375525448471308, 0.0060235378332436085, 0.006360492203384638, 0.006380475126206875, 0.006118064746260643, 0.005634318571537733, 0.005004234611988068], "{\"hidden_size\": 8, \"learning_rate\": 0.005, \"num_epochs\": 100, \"num_layers\": 2}": [0.3461284637451172, 0.3069659173488617, 0.26822006702423096, 0.22997212409973145, 0.19260896742343903, 0.15672868490219116, 0.1231042891740799, 0.09260997921228409, 0.06607715785503387, 0.04411686211824417, 0.026993444189429283, 0.014612153172492981, 0.006599877495318651, 0.002404210390523076, 0.0013548621209338307, 0.0026801293715834618, 0.0054687936790287495, 0.008810285478830338, 0.011941022239625454, 0.014320600777864456, 0.015666013583540916, 0.015924138948321342, 0.015210895799100399, 0.01374428253620863, 0.011786523275077343], "{\"hidden_size\": 8, \"learning_rate\": 0.005, \"num_epochs\": 100, \"num_layers\": 3}": [0.8461854457855225, 0.792219340801239, 0.7417288422584534, 0.6959580183029175, 0.6537910103797913, 0.6124126315116882, 0.5711369514465332, 0.5297130942344666, 0.4885859787464142, 0.4479811489582062, 0.40741783380508423, 0.36652788519859314, 0.3250654935836792, 0.28303053975105286, 0.240751713514328, 0.19884155690670013, 0.15808045864105225, 0.11936233937740326, 0.08379288762807846, 0.05281028151512146, 0.028091343119740486, 0.011236980557441711, 0.0030952768865972757, 0.0031946797389537096, 0.009453727863729, 0.0183242280036211, 0.026325637474656105, 0.03140968456864357, 0.03299732133746147, 0.0314677357673645, 0.027676232159137726, 0.02261785790324211, 0.017212755978107452], "{\"hidden_size\": 8, \"learning_rate\": 0.005, \"num_epochs\": 100, \"num_layers\": 4}": [0.676226019859314, 0.611062228679657, 0.5522568821907043, 0.4983588755130768, 0.4478890001773834, 0.39974522590637207, 0.35333526134490967, 0.30858832597732544, 0.2658868432044983, 0.22584228217601776, 0.1889708787202835, 0.15551157295703888, 0.12544088065624237, 0.09864968061447144, 0.07502668350934982, 0.05451704561710358, 0.037160806357860565, 0.02309192344546318, 0.01250042300671339, 0.005558311473578215, 0.0023039067164063454, 0.0024763578549027443, 0.005316180642694235, 0.009501423686742783, 0.01355634443461895, 0.016416221857070923, 0.01762264594435692, 0.017221378162503242, 0.015564927831292152, 0.01313081756234169, 0.010391832329332829], "{\"hidden_size\": 8, \"learning_rate\": 0.01, \"num_epochs\": 10, \"num_layers\": 2}": [0.5558435916900635, 0.47844627499580383, 0.4061702489852905, 0.3377249538898468, 0.27327418327331543, 0.21334940195083618, 0.15850341320037842, 0.10956055670976639, 0.0677066296339035, 0.034550610929727554], "{\"hidden_size\": 8, \"learning_rate\": 0.01, \"num_epochs\": 10, \"num_layers\": 3}": [0.6441011428833008, 0.5428923964500427, 0.44630932807922363, 0.35321158170700073, 0.2642599940299988, 0.18185760080814362, 0.11126986145973206, 0.05787570774555206, 0.023139581084251404, 0.005515542812645435]}